{
    "pastPeriod": 51.46497961264991,
    "currentPeriod": 83.02090628646826,
    "projectedPeriod": 71.92240757886837
}